Iteration,BestScore,BestPosition
0,0.029132258381196263,-0.0013192309934938866
1,0.029069619278984438,0.0006815144932875336
